user_id,first_name,last_name,email,role_id
1,Lucas,Garcia,lucas.garcia.1.36537b@example.com,2
2,Maya,Hall,maya.hall.2.9a3673@example.com,2
3,Olivia,Collins,olivia.collins.3.479bdf@example.com,2
4,Layla,Smith,layla.smith.4.31adcd@example.com,1
5,Leo,Hall,leo.hall.5.e3a80d@example.com,2
6,Noah,Reyes,noah.reyes.6.b36a70@example.com,2
7,Miles,Gomez,miles.gomez.7.ed9f90@example.com,2
8,Luna,Wright,luna.wright.8.f20fb1@example.com,2
9,Ava,Clark,ava.clark.9.7cbe71@example.com,2
10,Mateo,Wright,mateo.wright.10.65741b@example.com,2
11,Mateo,Jones,mateo.jones.11.5e53bf@example.com,2
12,Olivia,Campbell,olivia.campbell.12.ee6349@example.com,2
13,Theo,King,theo.king.13.fcdaf3@example.com,2
14,Sienna,Collins,sienna.collins.14.3cd8b3@example.com,2
15,Elijah,Brown,elijah.brown.15.1430c7@example.com,2
16,Iris,Mitchell,iris.mitchell.16.7de5c6@example.com,2
17,Ethan,Smith,ethan.smith.17.d8a8d5@example.com,2
18,Aria,Brown,aria.brown.18.4d4601@example.com,2
19,Olivia,Carter,olivia.carter.19.be8fd7@example.com,2
20,Harper,Clark,harper.clark.20.d7690b@example.com,2
21,Leo,Wright,leo.wright.21.5e7376@example.com,2
22,Ethan,Morales,ethan.morales.22.1ce469@example.com,2
23,Miles,Allen,miles.allen.23.a0c2cb@example.com,2
24,Elijah,Wright,elijah.wright.24.1c5780@example.com,2
25,Stella,Hall,stella.hall.25.984deb@example.com,2
26,Liam,Hall,liam.hall.26.76e280@example.com,2
27,Isabella,Roberts,isabella.roberts.27.0d1ca7@example.com,2
28,Leo,Stewart,leo.stewart.28.ff4f8c@example.com,2
29,Isabella,Walker,isabella.walker.29.db98c5@example.com,2
30,Chloe,Turner,chloe.turner.30.e35741@example.com,2
31,Emma,Allen,emma.allen.31.f1e46f@example.com,2
32,Miles,King,miles.king.32.8030e6@example.com,2
33,Layla,Morris,layla.morris.33.1d0eed@example.com,2
34,Nora,Wilson,nora.wilson.34.6e0251@example.com,2
35,Sophia,Patel,sophia.patel.35.1495f5@example.com,2
36,Amir,Clark,amir.clark.36.f640ec@example.com,2
37,Layla,Morales,layla.morales.37.39c6a8@example.com,2
38,Elijah,Morales,elijah.morales.38.07eefe@example.com,2
39,Aurora,King,aurora.king.39.278e3b@example.com,2
40,Ava,Lopez,ava.lopez.40.d15e7d@example.com,2
41,Miles,Wright,miles.wright.41.b836c2@example.com,2
42,Mateo,Lopez,mateo.lopez.42.0690fc@example.com,2
43,Ivy,Turner,ivy.turner.43.c8695e@example.com,1
44,Samuel,Cruz,samuel.cruz.44.9de683@example.com,2
45,Jasper,Jones,jasper.jones.45.50929f@example.com,2
46,Omar,Cruz,omar.cruz.46.a29c1b@example.com,2
47,Amir,Mitchell,amir.mitchell.47.78f344@example.com,2
48,Miles,Edwards,miles.edwards.48.93d353@example.com,2
49,Theo,Baker,theo.baker.49.88218c@example.com,2
50,Lucas,Mitchell,lucas.mitchell.50.760372@example.com,2
51,Omar,Allen,omar.allen.51.b4a11f@example.com,2
52,Ezra,Brown,ezra.brown.52.b00e5b@example.com,2
53,Hannah,Kim,hannah.kim.53.ad43c3@example.com,2
54,Miles,Wilson,miles.wilson.54.b561b6@example.com,2
55,Levi,Reyes,levi.reyes.55.eb923c@example.com,2
56,Aurora,Morales,aurora.morales.56.d685c0@example.com,2
57,Leo,Collins,leo.collins.57.f873a7@example.com,2
58,Kai,Torres,kai.torres.58.3e28f7@example.com,2
59,Harper,Evans,harper.evans.59.18816a@example.com,2
60,Caleb,Lopez,caleb.lopez.60.2884e2@example.com,2
61,Ethan,Rivera,ethan.rivera.61.ba75c2@example.com,1
62,Stella,Hall,stella.hall.62.3bdb83@example.com,2
63,Ava,Kim,ava.kim.63.14f10e@example.com,2
64,Liam,Hall,liam.hall.64.857e6b@example.com,2
65,Mia,Rivera,mia.rivera.65.64d7f2@example.com,2
66,Maya,Wright,maya.wright.66.e8ec20@example.com,2
67,Leo,Collins,leo.collins.67.6915a2@example.com,2
68,Ezra,Stewart,ezra.stewart.68.365391@example.com,2
69,Levi,Gomez,levi.gomez.69.76e60a@example.com,2
70,Olivia,Phillips,olivia.phillips.70.6a0876@example.com,2
71,Julian,Turner,julian.turner.71.83d517@example.com,2
72,Liam,Jones,liam.jones.72.a018f8@example.com,2
73,Mateo,Jones,mateo.jones.73.621e5d@example.com,2
74,Kai,Collins,kai.collins.74.554225@example.com,2
75,Layla,Lewis,layla.lewis.75.a1350f@example.com,2
76,Maya,Kim,maya.kim.76.103b3e@example.com,2
77,Stella,Jones,stella.jones.77.b4b180@example.com,2
78,Miles,Nguyen,miles.nguyen.78.049792@example.com,2
79,Maya,Clark,maya.clark.79.536a51@example.com,2
80,Levi,Walker,levi.walker.80.45ef05@example.com,2
81,Liam,Clark,liam.clark.81.79ba71@example.com,2
82,Elijah,King,elijah.king.82.fd2397@example.com,2
83,Sienna,Scott,sienna.scott.83.7a590b@example.com,2
84,Stella,Parker,stella.parker.84.ca3d08@example.com,2
85,Aria,Walker,aria.walker.85.d8fb90@example.com,2
86,Luna,Collins,luna.collins.86.914939@example.com,2
87,Isabella,Patel,isabella.patel.87.88092b@example.com,2
88,Levi,Cruz,levi.cruz.88.e93190@example.com,2
89,Aurora,Clark,aurora.clark.89.965de8@example.com,2
90,Jasper,Brown,jasper.brown.90.28b03d@example.com,2
91,Ethan,Morales,ethan.morales.91.a4054a@example.com,2
92,Maya,Roberts,maya.roberts.92.9ef87b@example.com,2
93,Ezra,Allen,ezra.allen.93.b7f02e@example.com,2
94,Mia,Murphy,mia.murphy.94.9c437d@example.com,2
95,Luna,Stewart,luna.stewart.95.246438@example.com,2
96,Samuel,Walker,samuel.walker.96.c45f92@example.com,2
97,Isabella,Allen,isabella.allen.97.ccf8bc@example.com,2
98,Emma,Torres,emma.torres.98.607936@example.com,2
99,Ethan,Nguyen,ethan.nguyen.99.ca3871@example.com,2
100,Ezra,Jones,ezra.jones.100.371812@example.com,2
101,Leo,Cruz,leo.cruz.101.0af261@example.com,2
102,Aiden,Kim,aiden.kim.102.2ce4d7@example.com,2
103,Harper,Scott,harper.scott.103.8e3801@example.com,2
104,Miles,Torres,miles.torres.104.42e92b@example.com,2
105,Aurora,Nguyen,aurora.nguyen.105.c5eabd@example.com,2
106,Stella,Torres,stella.torres.106.30a010@example.com,2
107,Olivia,Wilson,olivia.wilson.107.41c9fa@example.com,2
108,Olivia,Reyes,olivia.reyes.108.7e31db@example.com,2
109,Aria,Morales,aria.morales.109.f4a784@example.com,2
110,Mateo,Walker,mateo.walker.110.1f91a4@example.com,2
111,Samuel,Cruz,samuel.cruz.111.da7db5@example.com,2
112,Liam,Brown,liam.brown.112.ad040e@example.com,2
113,Ella,Smith,ella.smith.113.174cb2@example.com,1
114,Emma,King,emma.king.114.ec14d8@example.com,2
115,Caleb,Reyes,caleb.reyes.115.04bb86@example.com,2
116,Stella,Nguyen,stella.nguyen.116.44cb6b@example.com,2
117,Amir,Collins,amir.collins.117.80dee5@example.com,1
118,Harper,Morris,harper.morris.118.f2f026@example.com,2
119,Layla,Wilson,layla.wilson.119.1d9118@example.com,1
120,Harper,Smith,harper.smith.120.906e8f@example.com,2
121,Leo,Allen,leo.allen.121.520d38@example.com,2
122,Aiden,Reyes,aiden.reyes.122.b610a9@example.com,2
123,Julian,Murphy,julian.murphy.123.0a26bc@example.com,2
124,Maya,Clark,maya.clark.124.3ec7ce@example.com,2
125,Zoe,Gomez,zoe.gomez.125.546da0@example.com,1
126,Mateo,Gomez,mateo.gomez.126.92b7ad@example.com,2
127,Maya,Wright,maya.wright.127.b3a5db@example.com,2
128,Olivia,Carter,olivia.carter.128.4d9c7e@example.com,2
129,Levi,Hall,levi.hall.129.123985@example.com,2
130,Sienna,Campbell,sienna.campbell.130.b49a18@example.com,2
131,Nora,Hall,nora.hall.131.be1849@example.com,1
132,Kai,Roberts,kai.roberts.132.0b761b@example.com,2
133,Ethan,Wright,ethan.wright.133.18499a@example.com,2
134,Jasper,Roberts,jasper.roberts.134.322f9e@example.com,2
135,Miles,Rivera,miles.rivera.135.2797bd@example.com,2
136,Lucas,King,lucas.king.136.b7f0b1@example.com,2
137,Samuel,Smith,samuel.smith.137.adacdb@example.com,2
138,Layla,Campbell,layla.campbell.138.a42139@example.com,2
139,Isabella,Phillips,isabella.phillips.139.6f1324@example.com,2
140,Jasper,Lopez,jasper.lopez.140.cf17ac@example.com,2
141,Ezra,Young,ezra.young.141.0197c6@example.com,2
142,Layla,Nguyen,layla.nguyen.142.816db0@example.com,2
143,Miles,Young,miles.young.143.4bbbaa@example.com,2
144,Ethan,Rivera,ethan.rivera.144.06b8cd@example.com,2
145,Lucas,Torres,lucas.torres.145.4e5768@example.com,2
146,Julian,Baker,julian.baker.146.2c96fe@example.com,2
147,Aria,Reyes,aria.reyes.147.45de1a@example.com,2
148,Julian,Carter,julian.carter.148.741e7e@example.com,2
149,Zoe,Murphy,zoe.murphy.149.0a6380@example.com,2
150,Chloe,Reyes,chloe.reyes.150.9aaeca@example.com,2
151,Omar,Scott,omar.scott.151.c0a62b@example.com,2
152,Luna,Morales,luna.morales.152.4f0f16@example.com,2
153,Sienna,Evans,sienna.evans.153.c855fe@example.com,2
154,Leo,Cruz,leo.cruz.154.739a2d@example.com,2
155,Ivy,Brown,ivy.brown.155.1f617f@example.com,2
156,Iris,Rivera,iris.rivera.156.79341a@example.com,2
157,Maya,Torres,maya.torres.157.b8cf12@example.com,2
158,Kai,Martinez,kai.martinez.158.880da4@example.com,1
159,Maya,Diaz,maya.diaz.159.0f8899@example.com,2
160,Ethan,Turner,ethan.turner.160.d0160a@example.com,2
161,Ezra,Young,ezra.young.161.50a13f@example.com,2
162,Elijah,Parker,elijah.parker.162.f65374@example.com,2
163,Amir,Nguyen,amir.nguyen.163.955b5c@example.com,2
164,Olivia,Phillips,olivia.phillips.164.e2c92f@example.com,2
165,Aurora,Turner,aurora.turner.165.5355c7@example.com,2
166,Maya,Lopez,maya.lopez.166.b68bb9@example.com,2
167,Sienna,Edwards,sienna.edwards.167.183973@example.com,2
168,Theo,Baker,theo.baker.168.1d0f07@example.com,2
169,Caleb,Murphy,caleb.murphy.169.d19c18@example.com,2
170,Jasper,Phillips,jasper.phillips.170.695ff7@example.com,2
171,Stella,Evans,stella.evans.171.c335c6@example.com,2
172,Levi,Evans,levi.evans.172.4eae7c@example.com,2
173,Maya,Wright,maya.wright.173.846ce5@example.com,2
174,Aurora,Parker,aurora.parker.174.4131d8@example.com,2
175,Ella,Evans,ella.evans.175.3bb7ff@example.com,2
176,Aria,Allen,aria.allen.176.4c0700@example.com,2
177,Isabella,Collins,isabella.collins.177.900d4b@example.com,2
178,Amir,Hall,amir.hall.178.3b366b@example.com,2
179,Amir,Walker,amir.walker.179.a37dfd@example.com,2
180,Julian,Rivera,julian.rivera.180.4c8dd4@example.com,2
181,Julian,Patel,julian.patel.181.20a139@example.com,2
182,Julian,Carter,julian.carter.182.1c5726@example.com,2
183,Luna,Garcia,luna.garcia.183.66dfff@example.com,2
184,Ezra,Carter,ezra.carter.184.1861ec@example.com,2
185,Aiden,Torres,aiden.torres.185.3683cd@example.com,2
186,Julian,Collins,julian.collins.186.a825d5@example.com,2
187,Miles,Morales,miles.morales.187.79bbf9@example.com,2
188,Hannah,Hall,hannah.hall.188.cde1dc@example.com,2
189,Hannah,Garcia,hannah.garcia.189.2e54cf@example.com,2
190,Chloe,Clark,chloe.clark.190.e4b2da@example.com,2
191,Emma,Murphy,emma.murphy.191.197a13@example.com,2
192,Chloe,Morris,chloe.morris.192.2659fe@example.com,2
193,Noah,Brown,noah.brown.193.8634aa@example.com,2
194,Emma,Turner,emma.turner.194.9c8b15@example.com,2
195,Samuel,Carter,samuel.carter.195.834ff0@example.com,2
196,Sienna,Baker,sienna.baker.196.1dde12@example.com,2
197,Elijah,Wright,elijah.wright.197.347594@example.com,2
198,Julian,King,julian.king.198.095778@example.com,2
199,Levi,Garcia,levi.garcia.199.7cd44a@example.com,2
200,Liam,Campbell,liam.campbell.200.6ac248@example.com,2
